h3,name,source_url,note
608534835257933823,Außenelbe Reede,https://www.openstreetmap.org/way/991881633,
608534835274711039,Außenelbe Reede,https://www.openstreetmap.org/way/991881633,
608534835392151551,Außenelbe Reede,https://www.openstreetmap.org/way/991881633,
608534835442483199,Außenelbe Reede,https://www.openstreetmap.org/way/991881633,
608534835492814847,Außenelbe Reede,https://www.openstreetmap.org/way/991881633,
608532726110224383,Blexen Reede – Weser,https://www.openstreetmap.org/way/303440598,
608154889884794879,Brofjorden anchorage H – Sweden,https://www.openstreetmap.org/node/4757059594,
608531685973164031,Copenhagen roads – Øresund,https://www.openstreetmap.org/way/934493046,
608531686023495679,Copenhagen roads – Øresund,https://www.openstreetmap.org/way/934493046,
608534771873611775,Dukegat Reede – Ems,https://www.openstreetmap.org/relation/10951864,
608534865859575807,Elbe Approach Reede,https://www.openstreetmap.org/way/991881631,
608534865909907455,Elbe Approach Reede,https://www.openstreetmap.org/way/991881631,
608534866094456831,Elbe Approach Reede,https://www.openstreetmap.org/way/991881631,
608532734129733631,Emden Reede – Ems,https://www.openstreetmap.org/way/355466872,
608533581798572031,Falkenberg anchorage F – Sweden,https://www.openstreetmap.org/node/4120622940,
608534757411651583,German Bight deep-water route anchorage,https://www.openstreetmap.org/relation/16735644,
608534757461983231,German Bight deep-water route anchorage,https://www.openstreetmap.org/relation/16735644,
608534757948522495,German Bight deep-water route anchorage,https://www.openstreetmap.org/relation/16735644,
608534758015631359,German Bight deep-water route anchorage,https://www.openstreetmap.org/relation/16735644,
608534758049185791,German Bight deep-water route anchorage,https://www.openstreetmap.org/relation/16735644,
608533885315186687,Göteborg anchorage 3 – Sweden,https://www.openstreetmap.org/node/9858751666,
608533884811870207,Göteborg anchorage 4 – Sweden,https://www.openstreetmap.org/node/9858751664,
608533852918382591,Göteborg anchorage A4 – Sweden,https://www.openstreetmap.org/node/10687574904,
608533854210228223,Göteborg anchorage B5 – Sweden,https://www.openstreetmap.org/node/10687659403,
608533851274215423,Göteborg anchorage R3 – Sweden,https://www.openstreetmap.org/node/3660330241,
608533851710423039,Göteborg anchorage R3 – Sweden,https://www.openstreetmap.org/node/3660326065,
608533851727200255,Göteborg anchorage R3 – Sweden,https://www.openstreetmap.org/node/3660326065,
608534077800185855,Hanöbukten anchorage D – Sweden,https://www.openstreetmap.org/way/352415371,
608534078437720063,Hanöbukten anchorage D – Sweden,https://www.openstreetmap.org/way/352415371,
608534864131522559,Helgoland Südreede,https://www.openstreetmap.org/way/991335688,
608533716687388671,Isefjord entrance anchorage,https://www.openstreetmap.org/node/4734641647,
608533716720943103,Isefjord entrance anchorage,https://www.openstreetmap.org/node/4734641647,
608534059513020415,Karlskrona anchorage C – Sweden,https://www.openstreetmap.org/way/1342271304,
608531562727735295,Lubmin Reede – Greifswalder Bodden,https://www.openstreetmap.org/way/1170182585,
608531483807711231,Lübeck Bay anchorage – Travemünde approach,https://www.openstreetmap.org/way/1209957701,
608531701005549567,Malmö anchorage D – Øresund,https://www.openstreetmap.org/node/4120574810,
608531701039103999,Malmö anchorage D – Øresund,https://www.openstreetmap.org/node/4120574810,
608533855736954879,Marstrand approach anchorage – Sweden,https://www.openstreetmap.org/way/1074917444,
608531337577496575,Mecklenburg Bight anchorage,https://www.openstreetmap.org/way/32020921,
608531337644605439,Mecklenburg Bight anchorage,https://www.openstreetmap.org/way/32020921,
608531338366025727,Mecklenburg Bight anchorage,https://www.openstreetmap.org/way/32020921,
608531338399580159,Mecklenburg Bight anchorage,https://www.openstreetmap.org/way/32020921,
608534833949310975,Neue Weser Nord Reede,https://www.openstreetmap.org/way/188241786,
608534836533002239,Neue Weser Nord Reede,https://www.openstreetmap.org/way/188241786,
608534836549779455,Neue Weser Nord Reede,https://www.openstreetmap.org/way/188241786,
608532790048194559,Neufeld Reede – Elbe,https://www.openstreetmap.org/way/913467080,
608531379721863167,Nordperd Reede – Rügen,https://www.openstreetmap.org/way/1170047862,
608531406464745471,Nordperd Reede – Rügen,https://www.openstreetmap.org/way/1170047862,
608531378513903615,Prorer Wiek anchorage – Rügen,https://www.openstreetmap.org/way/1204948631,
608531378832670719,Prorer Wiek anchorage – Rügen,https://www.openstreetmap.org/way/1204948631,
608531333349638143,Rostock Reede – Warnemünde,https://www.openstreetmap.org/way/931110610,
608531333785845759,Rostock Reede – Warnemünde,https://www.openstreetmap.org/way/931110610,
608531333819400191,Rostock Reede – Warnemünde,https://www.openstreetmap.org/way/931110610,
608531378899779583,Sassnitz-Mukran Reede – Rügen,https://www.openstreetmap.org/way/1205463622,
608531378916556799,Sassnitz-Mukran Reede – Rügen,https://www.openstreetmap.org/way/1205463622,
608531379168215039,Sassnitz-Mukran Reede – Rügen,https://www.openstreetmap.org/way/1205463622,
608533825823178751,Skagen Red,https://saga-shipping.dk/en/skaw-road,
608533825856733183,Skagen Red,https://saga-shipping.dk/en/skaw-road,
608533908115423231,Skagen Red,https://saga-shipping.dk/en/skaw-road,
608533908383858687,Skagen Red,https://saga-shipping.dk/en/skaw-road,
608533908434190335,Skagen Red,https://saga-shipping.dk/en/skaw-road,
608533908518076415,Skagen Red,https://saga-shipping.dk/en/skaw-road,
608533908937506815,Skagen Red,https://saga-shipping.dk/en/skaw-road,
608154894632747007,Stenungsund approach anchorage – Sweden,https://www.openstreetmap.org/way/1074977815,
608532725422358527,Voslapp Reede – Jade,https://www.openstreetmap.org/way/193989737,
608531326890409983,Wismar Außenreede,https://www.openstreetmap.org/way/1279283315,
608534080786530303,Åhus anchorage S – Sweden,https://www.openstreetmap.org/way/1075908214,
608533790188371967,Ålbæk Bugt,https://en.wikipedia.org/wiki/%C3%85lb%C3%A6k_Bugt,
608533791949979647,Ålbæk Bugt,https://en.wikipedia.org/wiki/%C3%85lb%C3%A6k_Bugt,
608533795657744383,Ålbæk Bugt,https://en.wikipedia.org/wiki/%C3%85lb%C3%A6k_Bugt,
608533725143105535,Øresund anchorage off Helsingør,https://www.openstreetmap.org/way/1074986636,
608531691559976959,Øresund anchorage off Landskrona,https://www.openstreetmap.org/way/1074986638,
608534492516188159,Øresund anchorage off Landskrona,https://www.openstreetmap.org/way/1074986637,
608534492700737535,Øresund anchorage off Landskrona,https://www.openstreetmap.org/way/1074986637,
608534676092485631,Aabenraa Fjord,https://www.openstreetmap.org/#map=12/55.0361/9.4382,not an anchorage
608533693383835647,Aarhus harbour and roads – Aarhus Bugt,https://www.openstreetmap.org/#map=12/56.1543/10.2384,not an anchorage
608534721642627071,Assens harbour – Lillebælt,https://www.openstreetmap.org/#map=12/55.2743/9.8802,not an anchorage
608534314409263103,Baltic Sea east of Bornholm – Słupsk Bank,https://www.openstreetmap.org/#map=12/55.5444/15.8169,not an anchorage
608534315516559359,Baltic Sea east of Bornholm – Słupsk Bank,https://www.openstreetmap.org/#map=12/55.5874/16.0778,not an anchorage
608534317815037951,Baltic Sea east of Bornholm – Słupsk Bank,https://www.openstreetmap.org/#map=12/55.5459/15.8544,not an anchorage
608532151574462463,Baltic Sea off the Polish coast,https://www.openstreetmap.org/#map=12/54.2809/15.0268,not an anchorage
608532151641571327,Baltic Sea off the Polish coast,https://www.openstreetmap.org/#map=12/54.2968/15.0076,not an anchorage
608532137280274431,Baltic Sea south-east of Bornholm,https://www.openstreetmap.org/#map=12/54.8120/15.3117,not an anchorage
608532168804663295,Baltic Sea south-east of Bornholm,https://www.openstreetmap.org/#map=12/54.8659/15.4016,not an anchorage
608532169073098751,Baltic Sea south-east of Bornholm,https://www.openstreetmap.org/#map=12/54.8294/15.3294,not an anchorage
608532184373919743,Baltic Sea south-east of Bornholm,https://www.openstreetmap.org/#map=12/54.7811/14.9989,not an anchorage
608532184726241279,Baltic Sea south-east of Bornholm,https://www.openstreetmap.org/#map=12/54.7722/15.1658,not an anchorage
608532185061785599,Baltic Sea south-east of Bornholm,https://www.openstreetmap.org/#map=12/54.7513/15.0745,not an anchorage
608532185145671679,Baltic Sea south-east of Bornholm,https://www.openstreetmap.org/#map=12/54.7248/15.2238,not an anchorage
608534221648035839,Baltic Sea south-east of Bornholm,https://www.openstreetmap.org/#map=12/54.9619/14.6179,not an anchorage
608534827792072703,Brunsbüttel – Elbe and Kiel Canal entrance,https://www.openstreetmap.org/#map=12/54.1147/8.8514,not an anchorage
608534902937223167,Danish North Sea oil field area – Dan and Gorm,https://www.openstreetmap.org/#map=12/55.3947/5.8077,not an anchorage
608534919160791039,Danish North Sea west of Jutland,https://www.openstreetmap.org/#map=12/55.8216/6.5038,not an anchorage
608154330381418495,Danish North Sea west of Thyborøn,https://www.openstreetmap.org/#map=12/56.1424/7.3243,not an anchorage
608531689546711039,Drogden channel off Dragør,https://www.openstreetmap.org/#map=12/55.5918/12.6916,not an anchorage
608532788303364095,Elbe fairway off Stade,https://www.openstreetmap.org/#map=12/53.6570/9.5090,not an anchorage
608534975934889983,Esbjerg harbour and Grådyb,https://www.openstreetmap.org/#map=12/55.4765/8.3993,not an anchorage
608534976102662143,Esbjerg harbour and Grådyb,https://www.openstreetmap.org/#map=12/55.4516/8.4768,not an anchorage
608534976152993791,Esbjerg harbour and Grådyb,https://www.openstreetmap.org/#map=12/55.4622/8.4200,not an anchorage
608531359052333055,Fehmarnbelt off Rødbyhavn,https://www.openstreetmap.org/#map=12/54.5171/11.3125,not an anchorage
608531362005123071,Fehmarnsund at Heiligenhafen – Germany,https://www.openstreetmap.org/#map=12/54.4008/11.1075,not an anchorage
608533664543801343,Fredericia harbour – Lillebælt,https://www.openstreetmap.org/#map=12/55.5559/9.7295,not an anchorage
608533664560578559,Fredericia oil terminal – Lillebælt,https://www.openstreetmap.org/#map=12/55.5592/9.7660,not an anchorage
608154413764182015,Hanstholm harbour,https://www.openstreetmap.org/#map=12/57.1239/8.5851,not an anchorage
608533786950369279,Hirtshals harbour,https://www.openstreetmap.org/#map=12/57.5992/9.9528,not an anchorage
608531670773006335,Hjelm Bugt south of Møn,https://www.openstreetmap.org/#map=12/54.9067/12.0754,not an anchorage
608433269096054783,IJsselmeer at Stavoren – Netherlands,https://www.openstreetmap.org/#map=12/53.1791/5.4067,not an anchorage
608533647967911935,Kattegat between Endelave and Samsø,https://www.openstreetmap.org/#map=12/55.8287/10.0421,not an anchorage
608533648018243583,Kattegat between Endelave and Samsø,https://www.openstreetmap.org/#map=12/55.8142/10.0627,not an anchorage
608531733234581503,Kiel Bay – Kiel outer approach,https://www.openstreetmap.org/#map=12/54.4196/10.7237,not an anchorage
608531733368799231,Kiel Bay – Kiel outer approach,https://www.openstreetmap.org/#map=12/54.4105/10.8156,not an anchorage
608531587742564351,Korsør – Storebælt,https://www.openstreetmap.org/#map=12/55.3317/11.1434,not an anchorage
608155172262117375,Kristiansand approach – Norway,https://www.openstreetmap.org/#map=12/58.1329/7.9829,not an anchorage
608531600778461183,Langeland east coast at Spodsbjerg,https://www.openstreetmap.org/#map=12/54.9282/10.8432,not an anchorage
608533664627687423,Lillebælt at Middelfart,https://www.openstreetmap.org/#map=12/55.5136/9.6251,not an anchorage
608534689547812863,Lillebælt at Årø,https://www.openstreetmap.org/#map=12/55.1117/9.9030,not an anchorage
608533564081831935,Limfjord at Hals,https://www.openstreetmap.org/#map=12/56.9957/10.3081,not an anchorage
608533956719017983,Limfjord at Nykøbing Mors,https://www.openstreetmap.org/#map=12/56.7869/8.8871,not an anchorage
608533973798223871,Limfjord at Oddesund,https://www.openstreetmap.org/#map=12/56.5791/8.5658,not an anchorage
608531623444479999,Lindø yard – Odense Fjord,https://www.openstreetmap.org/#map=12/55.4790/10.5339,not an anchorage
608533560676057087,Mariager Fjord,https://www.openstreetmap.org/#map=12/56.6858/10.0504,not an anchorage
608531586685599743,Nyborg roads – Storebælt,https://www.openstreetmap.org/#map=12/55.2905/10.8349,not an anchorage
608531623159267327,Odense Fjord entrance – Gabet,https://www.openstreetmap.org/#map=12/55.5145/10.5662,not an anchorage
608531364739809279,Rødbyhavn – Fehmarnbelt tunnel works,https://www.openstreetmap.org/#map=12/54.6398/11.3897,not an anchorage
608531426144419839,Rønne Banke west of Bornholm,https://www.openstreetmap.org/#map=12/54.8802/14.0129,not an anchorage
608534220322635775,Rønne harbour – Bornholm,https://www.openstreetmap.org/#map=12/55.0977/14.6836,not an anchorage
608531400039071743,Strelasund at Stralsund – Germany,https://www.openstreetmap.org/#map=12/54.3104/13.1211,not an anchorage
608531604905656319,Svendborg harbour,https://www.openstreetmap.org/#map=12/55.0589/10.6251,not an anchorage
608531380023853055,Tromper Wiek north-east Rügen,https://www.openstreetmap.org/#map=12/54.5383/13.8538,not an anchorage
608531380057407487,Tromper Wiek north-east Rügen,https://www.openstreetmap.org/#map=12/54.5206/13.8368,not an anchorage
608533612567986175,Varberg approach – Sweden,https://www.openstreetmap.org/#map=12/57.1118/12.2340,not an anchorage
608533661859446783,Vejle Fjord,https://www.openstreetmap.org/#map=12/55.7038/9.5602,not an anchorage
608433302365274111,Wadden Sea at Lauwersoog – Netherlands,https://www.openstreetmap.org/#map=12/53.4154/6.2005,not an anchorage
608534726306693119,Wadden Sea at Rømø and List,https://www.openstreetmap.org/#map=12/55.0818/8.5554,not an anchorage
608532726613540863,Weser fairway off Nordenham,https://www.openstreetmap.org/#map=12/53.5934/8.5202,not an anchorage
608432630790094847,central North Sea offshore field area – Norwegian sector,https://www.openstreetmap.org/#map=12/56.3510/3.8789,not an anchorage
608432631998054399,central North Sea offshore field area – Norwegian sector,https://www.openstreetmap.org/#map=12/56.2987/3.9062,not an anchorage
608432664747180031,central North Sea offshore field area – Norwegian sector,https://www.openstreetmap.org/#map=12/56.4528/4.0639,not an anchorage
608533670952697855,northern Storebælt off Odense Fjord,https://www.openstreetmap.org/#map=12/55.5908/10.5007,not an anchorage
608533655920312319,northern Storebælt – Samsø Bælt,https://www.openstreetmap.org/#map=12/55.7358/10.8713,not an anchorage
608533722894958591,Øresund at Helsingør and Helsingborg,https://www.openstreetmap.org/#map=12/56.0482/12.6848,not an anchorage
608531685922832383,Øresund off Kastrup and Dragør,https://www.openstreetmap.org/#map=12/55.6394/12.6684,not an anchorage
608532326644711423,Świnoujście approach – Pomeranian Bay,https://www.openstreetmap.org/#map=12/53.9919/14.2946,not an anchorage
